grafica_rendimiento,Muestrame las graficas de alto rendimiento
grafica_calidad,Muestrame las graficas de calidad precio
grafica_all,Muestrame todas las gráficas
procesador_rendimiento,Muestrame los procesadores de alto rendimiento
procesador_calidad,Muestrame los procesadores de calidad precio
procesador_all,Muestrame todos los procesadores
ram_rendimiento,Muestrame las ram de alto rendimiento
ram_calidad,Muestrame las ram de calidad precio
ram_all,Muestrame todas las ram
grafica_rendimiento,Enséñame las gráficas de alto rendimiento
grafica_calidad,Enséñame las gráficas de calidad precio
grafica_all,Enséñame todas las gráficas
procesador_rendimiento,Enséñame los procesadores de alto rendimiento
procesador_calidad,Enséñame los procesadores de calidad precio
procesador_all,Enséñame todos los procesadores
ram_rendimiento,Enséñame las ram de alto rendimiento
ram_calidad,Enséñame las ram de calidad precio
ram_all,Enséñame todas las ram
grafica_rendimiento,Que graficas potentes tienes
grafica_calidad,Que gráficas de calidad tienes
grafica_all,Que gráficas tienes
procesador_rendimiento,Que procesadores potentes tienes
procesador_calidad,Que procesadores de calidad tienes
procesador_all,Que procesadores tienes
ram_rendimiento,Que ram potentes tienes
ram_calidad,Que ram de calidad tienes
ram_all,Que ram tienes
grafica_rendimiento,Tarjetas gráficas buenas
grafica_calidad,Tarjetas gráficas de calidad
grafica_all,Todas las tarjetas gráficas
procesador_rendimiento,Procesadores buenos
procesador_calidad,Procesadores de calidad
procesador_all,Todos los procesadores
ram_rendimiento,Ram buena
ram_calidad,Ram de calidad
ram_all,Todas las memorias ram
grafica_rendimiento,Tarjetas gráficas sin importar el precio
grafica_calidad,Tarjetas gráficas sin mucho precio
grafica_all,Todas las tarjetas gráficas
procesador_rendimiento,Procesadores sin importar el precio
procesador_calidad,Procesadores sin mucho precio
procesador_all,Todos los procesadores
ram_rendimiento,Ram sin importar el precio
ram_calidad,Ram sin mucho precio
ram_all,Todas las memorias ram
grafica_rendimiento,Tarjetas gráficas caras
grafica_calidad,Tarjetas gráficas baratas
grafica_all,Todas las tarjetas gráficas
procesador_rendimiento,Procesadores caros
procesador_calidad,Procesadores baratos
procesador_all,Todos los procesadores
ram_rendimiento,Ram cara
ram_calidad,Ram barata
ram_all,Todas las memorias ram