procesador,Dime todos los procesadores
grafica,Dime todas las gráficas
ram,Dime todas las ram
procesador,Mostrar todos los procesadores
grafica,Mostrar todas las gráficas
ram,Mostrar todas las ram
procesador,Que procesadores hay
grafica,Que gráficas hay
ram,Que ram hay
procesador,Procesadores de gama baja
grafica,Gráfica de gama baja
ram,Ram de gama baja
procesador,Procesadores de gama media
grafica,Gráfica de gama media
ram,Ram de gama media
procesador,Procesadores de gama alta
grafica,Gráfica de gama alta
ram,Ram de gama alta
procesador,Procesadores de mucha potencia
grafica,Gráfica de mucha potencia
ram,Ram de mucha potencia
procesador,Procesadores de potencia media
grafica,Gráfica de potencia media
ram,Ram de potencia media
procesador,Procesadores de potencia baja
grafica,Gráfica de potencia baja
ram,Ram de potencia baja
procesador,Catálogo de procesadores
grafica,Catálogo de gráficas
ram,Catálogo de ram
procesador,Mostrar todo el catálogo de procesadores
grafica,Mostrar todo el catálogo de gráficas
ram,Mostrar todo el catálogo de ram
procesador,Que procesadores tienes
grafica,Que gráficas tienes
ram,Que ram tienes
procesador,Que procesadores tienes en el catálogo
grafica,Que gráficas tienes en el catálogo
ram,Que ram tienes en el catálogo
procesador,Que procesadores tienes en el inventario
grafica,Que gráficas tienes en el inventario
ram,Que ram tienes en el inventario
procesador,Enséñame procesadores
grafica,Enséñame gráficas
ram,Enséñame rams
procesador,Procesadores sobremesa
grafica,Gráficas sobremesa
ram,Rams sobremesa
procesador,Procesadores portátil
grafica,Gráficas portátil
ram,Rams portátil
procesador, procesador
grafica, grafica
ram, ram
procesador, procesadores
grafica, graficas
ram, rams